{
    "PRIMER_PAIR_0": {
        "COMPL_ANY_TH": 0.0, 
        "COMPL_END_TH": 0.0, 
        "PENALLTY": 1.6550506959546283, 
        "PRIMER_LEFT": {
            "END_STABILITY": 4.7, 
            "GC_PERCENT": 70.58823529411765, 
            "HAIRPIN_TH": 0.0, 
            "LENGTH": 17, 
            "PENALTY": 1.2416999943370683, 
            "SELF_ANY_TH": 0.0, 
            "SELF_END_TH": 0.0, 
            "SEQUENCE": "CATTGTCCCCCGGCCTC", 
            "START": 9, 
            "TM": 59.75830000566293
        }, 
        "PRIMER_RIGHT": {
            "END_STABILITY": 5.54, 
            "GC_PERCENT": 61.111111111111114, 
            "HAIRPIN_TH": 0.0, 
            "LENGTH": 18, 
            "PENALTY": 0.41335070161755993, 
            "SELF_ANY_TH": 0.0, 
            "SELF_END_TH": 0.0, 
            "SEQUENCE": "TATGCTCGCTGTCTCGGC", 
            "START": 107, 
            "TM": 59.58664929838244
        }, 
        "PRODUCT_SIZE": 99
    }, 
    "PRIMER_PAIR_1": {
        "COMPL_ANY_TH": 0.0, 
        "COMPL_END_TH": 0.0, 
        "PENALLTY": 2.24850498153927, 
        "PRIMER_LEFT": {
            "END_STABILITY": 4.7, 
            "GC_PERCENT": 70.58823529411765, 
            "HAIRPIN_TH": 0.0, 
            "LENGTH": 17, 
            "PENALTY": 1.2416999943370683, 
            "SELF_ANY_TH": 0.0, 
            "SELF_END_TH": 0.0, 
            "SEQUENCE": "CATTGTCCCCCGGCCTC", 
            "START": 9, 
            "TM": 59.75830000566293
        }, 
        "PRIMER_RIGHT": {
            "END_STABILITY": 5.54, 
            "GC_PERCENT": 57.89473684210526, 
            "HAIRPIN_TH": 0.0, 
            "LENGTH": 19, 
            "PENALTY": 1.0068049872022016, 
            "SELF_ANY_TH": 0.0, 
            "SELF_END_TH": 0.0, 
            "SEQUENCE": "ATATGCTCGCTGTCTCGGC", 
            "START": 108, 
            "TM": 60.0068049872022
        }, 
        "PRODUCT_SIZE": 100
    }, 
    "PRIMER_PAIR_2": {
        "COMPL_ANY_TH": 0.0, 
        "COMPL_END_TH": 0.0, 
        "PENALLTY": 2.3902576353982, 
        "PRIMER_LEFT": {
            "END_STABILITY": 4.7, 
            "GC_PERCENT": 70.58823529411765, 
            "HAIRPIN_TH": 0.0, 
            "LENGTH": 17, 
            "PENALTY": 1.2416999943370683, 
            "SELF_ANY_TH": 0.0, 
            "SELF_END_TH": 0.0, 
            "SEQUENCE": "CATTGTCCCCCGGCCTC", 
            "START": 9, 
            "TM": 59.75830000566293
        }, 
        "PRIMER_RIGHT": {
            "END_STABILITY": 5.54, 
            "GC_PERCENT": 64.70588235294117, 
            "HAIRPIN_TH": 0.0, 
            "LENGTH": 17, 
            "PENALTY": 1.1485576410611316, 
            "SELF_ANY_TH": 0.0, 
            "SELF_END_TH": 0.0, 
            "SEQUENCE": "ATGCTCGCTGTCTCGGC", 
            "START": 106, 
            "TM": 59.85144235893887
        }, 
        "PRODUCT_SIZE": 98
    }, 
    "PRIMER_PAIR_3": {
        "COMPL_ANY_TH": 0.0, 
        "COMPL_END_TH": 0.0, 
        "PENALLTY": 2.530311142221194, 
        "PRIMER_LEFT": {
            "END_STABILITY": 4.3, 
            "GC_PERCENT": 70.58823529411765, 
            "HAIRPIN_TH": 0.0, 
            "LENGTH": 17, 
            "PENALTY": 2.116960440603634, 
            "SELF_ANY_TH": 0.0, 
            "SELF_END_TH": 0.0, 
            "SEQUENCE": "ATTGTCCCCCGGCCTCC", 
            "START": 10, 
            "TM": 61.116960440603634
        }, 
        "PRIMER_RIGHT": {
            "END_STABILITY": 5.54, 
            "GC_PERCENT": 61.111111111111114, 
            "HAIRPIN_TH": 0.0, 
            "LENGTH": 18, 
            "PENALTY": 0.41335070161755993, 
            "SELF_ANY_TH": 0.0, 
            "SELF_END_TH": 0.0, 
            "SEQUENCE": "TATGCTCGCTGTCTCGGC", 
            "START": 107, 
            "TM": 59.58664929838244
        }, 
        "PRODUCT_SIZE": 98
    }, 
    "PRIMER_PAIR_4": {
        "COMPL_ANY_TH": 0.0, 
        "COMPL_END_TH": 0.0, 
        "PENALLTY": 2.559242316025461, 
        "PRIMER_LEFT": {
            "END_STABILITY": 4.41, 
            "GC_PERCENT": 75.0, 
            "HAIRPIN_TH": 40.074059740157566, 
            "LENGTH": 16, 
            "PENALTY": 2.145891614407901, 
            "SELF_ANY_TH": 0.0, 
            "SELF_END_TH": 0.0, 
            "SEQUENCE": "CGGCCTCCTGCTGCTG", 
            "START": 19, 
            "TM": 60.1458916144079
        }, 
        "PRIMER_RIGHT": {
            "END_STABILITY": 5.54, 
            "GC_PERCENT": 61.111111111111114, 
            "HAIRPIN_TH": 0.0, 
            "LENGTH": 18, 
            "PENALTY": 0.41335070161755993, 
            "SELF_ANY_TH": 0.0, 
            "SELF_END_TH": 0.0, 
            "SEQUENCE": "TATGCTCGCTGTCTCGGC", 
            "START": 107, 
            "TM": 59.58664929838244
        }, 
        "PRODUCT_SIZE": 89
    }
}